{"cameraMode":{"drawMode":0,"name":"Shaded","section":"Shading Mode"},"sceneLighting":true,"audioPlay":false,"sceneViewState":{"showFog":true,"showMaterialUpdate":false,"showSkybox":true,"showFlares":true,"showImageEffects":true,"showParticleSystems":true},"in2DMode":false,"pivot":{"x":-1.0854560136795045,"y":1.4436285495758057,"z":-16.91720962524414},"rotation":{"x":0.0040738144889473919,"y":0.4241284728050232,"z":-0.0019122043158859015,"w":0.9056010842323303},"size":2.455188512802124,"orthographic":true}